<?xml version='1.0' encoding='ISO-8859-1' ?>

<!DOCTYPE toc [

<!ELEMENT toc (tocnode*)>
  <!ATTLIST toc version CDATA #FIXED "1.0">
  <!ATTLIST toc xml:lang CDATA #IMPLIED>

<!ELEMENT tocnode ((to.browser?|to.toc?|to.mailer?), tocnode*)>
  <!ATTLIST tocnode label CDATA #REQUIRED>
  
<!ELEMENT to.browser EMPTY>
  <!ATTLIST to.browser url CDATA #REQUIRED>
  <!ATTLIST to.browser anchor CDATA #IMPLIED>
  <!ATTLIST to.browser target CDATA #IMPLIED>
  
<!ELEMENT to.mailer EMPTY>
  <!ATTLIST to.mailer address CDATA #REQUIRED>
  <!ATTLIST to.mailer subject CDATA #IMPLIED>
  
<!ELEMENT to.toc EMPTY>
  <!ATTLIST to.toc url NMTOKEN #REQUIRED>
         
]>

<toc version="1.0">
    
    <tocnode label="Item #2 (page attached)">
        <to.browser url="item2.html" target="rightframe"/>
        
        <tocnode label="Item #2-1">
            <to.browser url="item2_1.html" target="rightframe"/>
        </tocnode>
        <tocnode label="Item #2-2">
            <to.browser url="item2_2.html" target="rightframe"/>
        </tocnode>
        <tocnode label="Item #2-3">
            <to.browser url="item2_3.html" target="rightframe"/>
        </tocnode>
        <tocnode label="Item #2-4">
            <to.browser url="item2_4.html" target="rightframe"/>
        </tocnode>
        <tocnode label="Item #2-4, my_anchor">
            <to.browser url="item2_4.html" anchor="my_anchor" target="rightframe"/>
        </tocnode>
    </tocnode>
   
</toc>


