<?xml version='1.0' encoding='ISO-8859-1' ?>

<!DOCTYPE toc [

<!ELEMENT toc (tocnode*)>
  <!ATTLIST toc version CDATA #FIXED "1.0">
  <!ATTLIST toc xml:lang CDATA #IMPLIED>

<!ELEMENT tocnode ((to.browser?|to.toc?|to.mailer?), tocnode*)>
  <!ATTLIST tocnode label CDATA #REQUIRED>
  
<!ELEMENT to.browser EMPTY>
  <!ATTLIST to.browser url CDATA #REQUIRED>
  <!ATTLIST to.browser anchor CDATA #IMPLIED>
  <!ATTLIST to.browser target CDATA #IMPLIED>
  
<!ELEMENT to.mailer EMPTY>
  <!ATTLIST to.mailer address CDATA #REQUIRED>
  <!ATTLIST to.mailer subject CDATA #IMPLIED>
  
<!ELEMENT to.toc EMPTY>
  <!ATTLIST to.toc url NMTOKEN #REQUIRED>
         
]>

<toc version="1.0">
    <tocnode label="Item #1">
        <tocnode label="Item #1-1">
            <to.browser url="item1_1.html" target="rightframe"/>
        </tocnode>
        <tocnode label="Item #1-2">
            <to.browser url="item1_2.html" target="rightframe"/>
        </tocnode>
        
        <tocnode label="Item #1-3">
            <tocnode label="Item #1-3-1">
                <to.browser url="item1_3_1.html" target="rightframe"/>
            </tocnode>
            <tocnode label="Item #1-3-2">
                <to.browser url="item1_3_2.html" target="rightframe"/>
            </tocnode>
        </tocnode>
    </tocnode>
    
   
</toc>


