<?xml version='1.0' encoding='ISO-8859-1' ?>

<!DOCTYPE toc [

<!ELEMENT toc (tocnode*)>
  <!ATTLIST toc version CDATA #FIXED "1.0">
  <!ATTLIST toc xml:lang CDATA #IMPLIED>

<!ELEMENT tocnode ((to.browser?|to.toc?|to.mailer?), tocnode*)>
  <!ATTLIST tocnode label CDATA #REQUIRED>
  
<!ELEMENT to.browser EMPTY>
  <!ATTLIST to.browser url CDATA #REQUIRED>
  <!ATTLIST to.browser anchor CDATA #IMPLIED>
  <!ATTLIST to.browser target CDATA #IMPLIED>
  
<!ELEMENT to.mailer EMPTY>
  <!ATTLIST to.mailer address CDATA #REQUIRED>
  <!ATTLIST to.mailer subject CDATA #IMPLIED>
  
<!ELEMENT to.toc EMPTY>
  <!ATTLIST to.toc url NMTOKEN #REQUIRED>
         
]>

<toc version="1.0">
    <tocnode label="Display in a new blank window">
        <tocnode label="Yahoo!">
            <to.browser url="http://www.yahoo.com" target="_blank"/>
        </tocnode>
        
        <tocnode label="Google">
            <to.browser url="http://www.google.com" target="_blank"/>
        </tocnode>
        
        <tocnode label="WebCrawler">
            <to.browser url="http://www.webcrawler.com" target="_blank"/>
        </tocnode>
        
        <tocnode label="AltaVista">
            <to.browser url="http://www.altavista.com" target="_blank"/>
        </tocnode>
     </tocnode>
     
     <tocnode label="Display at top">
        <tocnode label="Yahoo!">
            <to.browser url="http://www.yahoo.com" target="_top"/>
        </tocnode>
        
        <tocnode label="Google">
            <to.browser url="http://www.google.com" target="_top"/>
        </tocnode>
        
        <tocnode label="WebCrawler">
            <to.browser url="http://www.webcrawler.com" target="_top"/>
        </tocnode>
        
        <tocnode label="AltaVista">
            <to.browser url="http://www.altavista.com" target="_top"/>
        </tocnode>
     </tocnode>
     
     <tocnode label="Display in right frame">
        <tocnode label="Yahoo!">
            <to.browser url="http://www.yahoo.com" target="rightframe"/>
        </tocnode>
        
        <tocnode label="Google">
            <to.browser url="http://www.google.com" target="rightframe"/>
        </tocnode>
        
        <tocnode label="WebCrawler">
            <to.browser url="http://www.webcrawler.com" target="rightframe"/>
        </tocnode>
        
        <tocnode label="AltaVista">
            <to.browser url="http://www.altavista.com" target="rightframe"/>
        </tocnode>
     </tocnode>
     
</toc>


