<?xml version="1.0" encoding="ISO-8859-1"?>
<!DOCTYPE alov_project SYSTEM "alov_project.dtd">

<project name="New York City" backcolor="192:192:192"
      zoomunits="meters" mapunits="meters" zmin="1500">


  <title xml:lang="fr">New-York</title>

  <domain name="Full Extent" full="yes" movebeyond="no"
    xmin="573101" ymin="4504160" xmax="601198" ymax="4525794"/>
  <domain name="Downtown" startup="yes"
    xmin="582193" ymin="4505865" xmax="585156" ymax="4507888"/>
  <domain name="Central Park"
    xmin="583836" ymin="4512883" xmax="589991" ymax="4517622"/>

  <map name="Labels ON" index="m0">
     <title xml:lang="fr">Montrer les noms</title>
  </map>
  <map name="Labels OFF" index="m1">
     <title xml:lang="fr">Cacher les noms</title>
  </map>

  <layer name="Key Landmarks">

    <dataset id="19" full="no"/>

    <renderer type="gradcolor"  equal="yes" field="CF" >

      <symbol val="A" fill="255:165:74" outlined="no" style="2" size="8" label="Apartment Complex"/>
      <symbol val="U" fill="128:128:192" outlined="no" style="0" size="7" label="Museum"/>
      <symbol val="G" fill="255:159:64" outlined="no" style="0" size="7" label="Government"/>
      <symbol val="O" fill="128:128:64" outlined="no" style="0" size="7" label="Office Park"/>
      <symbol val="E" fill="215:0:215" outlined="no" style="0" size="7" label="Education"/>
      <symbol val="M" fill="255:145:255" outlined="no" style="1" size="5" label="Hospitals"/>
      <symbol val="B" fill="0:64:128" outlined="no" style="1" size="5" label="Trade Center"/>
      <symbol val="T" fill="64:0:64" outlined="no" style="1" size="5" label="Ferry"/>
      <symbol val="H" fill="128:255:255" outlined="no" style="1" size="5" label="Water"/>

    </renderer>

    <renderer map="m0" type="label" labelfield="NAME"
              equal="yes" showlegend="no">
      <symbol fill="100:50:0" outline="255:255:255" size="10"/>
    </renderer>

  </layer>

  <layer name="Streets" visible="yes" dependent="otherroad">
    <title xml:lang="fr">Rues</title>
    <dataset id="14" full="no"/>

    <selsymbol outline="0:255:0"/>
    <symbol outline="128:128:128"/>
  </layer>

  <layer name="Major streets" visible="yes" cansearch="no">
    <title xml:lang="fr">Rues principaux</title>
    <dataset id="17" full="no"/>

    <selsymbol outline="0:255:0" size="2"/>
    <symbol outline="255:0:0" size="2"/>
  </layer>

  <layer name="Other Streets" zmax="10000"
         id="otherroad" visible="yes" showlegend="no" cansearch="no" load="inc">
    <dataset id="16" full="no"/>

    <symbol outline="128:128:128"/>
  </layer>


  <layer name="RailRoad" zmax="10000">
    <title xml:lang="fr">Chemin du fer</title>
    <dataset id="18" full="no"/>

    <selsymbol outline="0:0:0"/>
    <symbol outline="0:0:0"/>
  </layer>

  <layer name="Water and Parks">
    <dataset id="15" full="no"/>

    <renderer type="gradcolor"  equal="yes" field="CF" showlegend="no">
      <symbol val="H" fill="128:255:255" outlined="no"/>
      <symbol val="I" fill="255:255:187" outlined="no"/>
    </renderer>

    <renderer type="gradcolor"  equal="yes" field="CF" showlegend="no">
      <symbol val="D" fill="128:255:128" outlined="no"/>
    </renderer>

    <renderer type="gradcolor"  equal="yes" field="CF" showlegend="no">
      <symbol val="P" fill="0:155:255" outlined="no"/>
    </renderer>

    <renderer map="m0" type="label" labelfield="LANDNAME" symbolfield="CF"
              equal="yes" showlegend="no">

      <symbol val="I" fill="100:100:100" outline="255:255:255" size="10" label=" "/>
      <symbol val="D" fill="60:128:60" outline="255:255:255" size="10" label=" "/>

    </renderer>
  </layer>

  <layer name="Downtown Aerial" visible="no" dependent="image2" zmax="5000">
    <dataset id="21" type="image"/>
  </layer>

  <layer name="D" visible="no" id="image2" showlegend="no" zmax="5000">
    <dataset id="22" type="image"/>
  </layer>


  <layer name="Landmarks" visible="yes" zmax="10000">
    <dataset id="13" full="no"/>

    <renderer type="gradcolor"  equal="yes" map="m0" field="CF">

      <symbol val="A" fill="255:165:74" outlined="no" label="Apartment Complex"/>
      <symbol val="U" fill="128:128:192" outlined="no" label="Museum"/>
      <symbol val="G" fill="255:159:64" outlined="no" label="Government"/>
      <symbol val="O" fill="128:128:64" outlined="no" label="Office Park"/>
      <symbol val="E" fill="215:0:215" outlined="no" label="Education"/>
      <symbol val="M" fill="255:145:255" outlined="no" label="Hospitals"/>
      <symbol val="B" fill="0:64:128" outlined="no" label="Trade Center"/>
      <symbol val="T" fill="64:0:64" outlined="no" label="Ferry"/>

    </renderer>
  </layer>
</project>
