<?xml version="1.0" encoding="ISO-8859-1"?>
<!DOCTYPE alov_project SYSTEM "alov_project.dtd">

<project name="World" backcolor="215:235:255"  zoomunits="km" zmin="500">

  <domain name="Full Map" full="yes" xmin="-180" ymin="-90" xmax="180" ymax="90">
    <title xml:lang="fr">La Carte Compl�te</title>
  </domain>
  <domain name="Europe" startup="yes" xmin="-16" ymin="29" xmax="46" ymax="73"/>
  <domain name="North America" xmin="-179" ymin="4" xmax="-47" ymax="90"/>
  <domain name="Cenral Asia" xmin="46" ymin="23" xmax="80" ymax="38"/>

  <map name="Political" index="m0">
    <title xml:lang="fr">La Carte Politique</title>
  </map>
  <map name="Human development index 1998" index="m1"/>
  <map name="Density of population" index="m2"/>
  <map name="Gross National Income per capita 1999" index="m3"/>

  <layer name="Countries" showlegend="yes">

    <title xml:lang="fr">Les pays</title>
    <dataset id="10" full="no"/>

    <selsymbol fill="255:0:0" outline="0:128:0"/>

    <renderer map="m0" type="gradcolor" equal="yes" field="COLOR" showlegend="no">
      <symbol val="1" fill="165:218:165" outline="0:128:0"/>
      <symbol val="2" fill="192:192:192" outline="0:128:0"/>
      <symbol val="3" fill="177:177:101" outline="0:128:0"/>
      <symbol val="4" fill="134:185:185" outline="0:128:0"/>
      <symbol val="5" fill="217:138:91" outline="0:128:0"/>
      <symbol val="6" fill="202:171:203" outline="0:128:0"/>
      <symbol val="7" fill="219:219:0" outline="0:128:0"/>
      <symbol val="8" fill="119:135:164" outline="0:128:0"/>
      <symbol val="9" fill="255:255:255" outline="0:128:255"/>
    </renderer>

    <renderer map="m1" type="gradcolor" field="HDI_98">
      <symbol val="0" fill="255:255:255" outline="0:128:55" label="&lt;0.4"/>
      <symbol val="0.4" fill="223:255:223" outline="0:128:55" label="0.4"/>
      <symbol val="0.6" fill="128:255:128" outline="0:128:55" label="0.6"/>
      <symbol val="0.7" fill="0:255:0" outline="0:128:55" label="0.7"/>
      <symbol val="0.8" fill="0:187:0" outline="0:128:55" label="0.8"/>
      <symbol val="0.9" fill="0:128:0" outline="0:128:55" label="&gt;0.9"/>
    </renderer>

    <renderer map="m2" type="gradcolor" field="DENSITY">
      <symbol val="0" fill="255:255:255" outline="0:128:55" label="&lt;5"/>
      <symbol val="5" fill="255:128:128" outline="0:128:55" label="5-12"/>
      <symbol val="12" fill="255:0:0" outline="0:128:55" label="12-30"/>
      <symbol val="30" fill="170:0:0" outline="0:128:55" label="30-80"/>
      <symbol val="80" fill="85:0:0" outline="0:128:55" label="80-150"/>
      <symbol val="150" fill="0:0:0" outline="0:128:55" label="&gt;150"/>
    </renderer>

    <renderer map="m3" type="gradcolor" field="GNI_PERCAP">
      <symbol val="0" fill="255:255:255" outline="0:128:55" label="&lt;500"/>
      <symbol val="500" fill="204:204:255" outline="0:128:55" label="500-2000"/>
      <symbol val="2000" fill="153:153:255" outline="0:128:55" label="2,000-7,000"/>
      <symbol val="7000" fill="102:102:255" outline="0:128:55" label="7,000-20,000"/>
      <symbol val="20000" fill="0:0:160" outline="0:128:55" label="&gt;20,000"/>
    </renderer>
  </layer>

  <layer name="Cities" visible="yes" zmax="8000">
    <title xml:lang="fr">Les villes</title>
    <dataset id="30" full="no"/>

    <renderer type="gradcolor" equal="yes" field="CAPITAL">
      <symbol val="Y" image="Afgan/redstar.gif" label="Capital"/>
    </renderer>

    <renderer type="gradcolor" field="POPULATION" >
      <symbol val="0" fill="0:0:255" outline="0:128:255" size="3" label="&lt;100.000"/>
      <symbol val="100000" fill="0:0:255" outline="0:128:255" size="5" label="&gt;100.000"/>
      <symbol val="1000000" fill="0:0:255" outline="0:128:255" size="7" label="&gt;1 mil"/>
    </renderer>

    <renderer type="label" labelfield="NAME"
              showlegend="no">
      <symbol fill="34:0:255" outline="255:255:255" size="12"/>
    </renderer>

  </layer>

  <layer name="Rivers" visible="yes">
    <title xml:lang="fr">Les fleuves</title>
    <dataset id="31" full="no"/>
    <symbol outline="0:0:255" size="1"/>
  </layer>


</project>
