<?xml version="1.0" encoding="iso-8859-1"?>
<!DOCTYPE rss PUBLIC "-//Netscape Communications//DTD RSS 0.91//EN" "http://my.netscape.com/publish/formats/rss-0.91.dtd">
<rss version="0.92">
<channel>
<title>fudged.org</title>
<link>http://localhost/</link>
<description>Web Design/Development News.</description>
<language>en-us</language>
<pubDate>Thu, 18 Sep 2003 01:05:58 BST</pubDate>
<lastBuildDate>Thu, 18 Sep 2003 01:05:58 BST</lastBuildDate>
<managingEditor>harold@fudged.org</managingEditor>
<item>
<title>Building your Own Blog Entry Template</title>
<link>http://localhost/?page=story&amp;post=682</link>
<description></description>
</item>
<item>
<title>Laptop to be Delivered Tomorrow</title>
<link>http://localhost/?page=story&amp;post=681</link>
<description></description>
</item>
<item>
<title>Tech items for ebay</title>
<link>http://localhost/?page=story&amp;post=671</link>
<description></description>
</item>
<item>
<title>chinesenewf.com</title>
<link>http://localhost/?page=story&amp;post=680</link>
<description></description>
</item>
<item>
<title>Mona Lisa Overdrive</title>
<link>http://localhost/?page=story&amp;post=679</link>
<description></description>
</item>
<item>
<title>Networking in GFW</title>
<link>http://localhost/?page=story&amp;post=678</link>
<description></description>
</item>
<item>
<title>Off to the Rock</title>
<link>http://localhost/?page=story&amp;post=677</link>
<description></description>
</item>
<item>
<title>Gov Closed in Ont Tomorrow--Possibly the Week</title>
<link>http://localhost/?page=story&amp;post=676</link>
<description></description>
</item>
<item>
<title>Hahahaha</title>
<link>http://localhost/?page=story&amp;post=675</link>
<description></description>
</item>
<item>
<title>Surfer and the Shark</title>
<link>http://localhost/?page=story&amp;post=674</link>
<description></description>
</item>
</channel></rss>
