<ajaxConfig>
  <!-- Configuration for examples that ARE part of a form. -->
  <form ajaxRef="AjaxTagsTestForm">
    <element ajaxRef="Button1">
      <event type="onclick">
        <requestHandler type="std:SimpleRequest" method="get">
          <target>/textReturner</target>
          <parameter></parameter>
        </requestHandler>
        <responseHandler type="std:InnerHTML">
          <parameter>ajaxTagsResults</parameter>
        </responseHandler>
      </event>
      <event type="onmouseover">
        <requestHandler type="std:SimpleRequest" method="get">
          <target>/textReturner</target>
          <parameter></parameter>
        </requestHandler>
        <responseHandler type="std:InnerHTML">
          <parameter>ajaxTagsResults</parameter>
        </responseHandler>
      </event>
    </element>
    <element ajaxRef="Checkbox1">
      <event type="onclick">
        <requestHandler type="std:SimpleRequest" method="get">
          <target>/textReturner</target>
          <parameter></parameter>
        </requestHandler>
        <responseHandler type="std:InnerHTML">
          <parameter>ajaxTagsResults</parameter>
        </responseHandler>
      </event>
    </element>
    <element ajaxRef="Radio1">
      <event type="onclick">
        <requestHandler type="std:SimpleRequest" method="get">
          <target>/textReturner</target>
          <parameter></parameter>
        </requestHandler>
        <responseHandler type="std:InnerHTML">
          <parameter>ajaxTagsResults</parameter>
        </responseHandler>
      </event>
    </element>
    <element ajaxRef="selectbox1">
      <event type="onchange">
        <requestHandler type="std:QueryString" method="get">
          <target>/ajaxSelectTest</target>
          <parameter>keyParm=selbox1</parameter>
        </requestHandler>
        <responseHandler type="std:Selectbox">
          <parameter>selbox2</parameter>
        </responseHandler>
      </event>
    </element>
		<element ajaxRef="manipulator">
			<event type="onclick" form="TestPage">
				<requestHandler type="std:SimpleRequest" method="get">
					<target>/ajaxFormManipulatorTest</target>
					<parameter />
				</requestHandler>
				<responseHandler type="std:FormManipulator">
					<parameter/>
				</responseHandler>
			</event>
		</element>
  </form>
</ajaxConfig>
