<ajaxConfig>
  <!-- This is an example of a custom request handler.  This is not  -->
  <!-- actually used in the sample app. -->
	<handler name="CustomXMLGenerator" type="request">
		<function>customGenerateXML</function>
		<location>customXMLGenerator.js</location>
	</handler>
	<!-- Configuration for examples NOT part of a form. -->
	<form ajaxRef="TestPage" isPage="true">
		<element ajaxRef="iFrame1">
			<event type="onclick" form="TestPage">
				<requestHandler type="std:SimpleRequest" method="get">
					<target>/ajaxIFrameTest</target>
					<parameter />
				</requestHandler>
				<responseHandler type="std:IFrameDisplay">
					<parameter>ajaxIFrame</parameter>
				</responseHandler>
			</event>
		</element>
		<element ajaxRef="Manual1">
			<event type="manual" form="TestPage">
				<requestHandler type="std:SimpleRequest" method="get">
					<target>/textReturner</target>
					<parameter />
				</requestHandler>
				<responseHandler type="std:InnerHTML">
					<parameter>ajaxTagsResults</parameter>
				</responseHandler>
			</event>
		</element>
		<element ajaxRef="Link1">
			<event type="onmouseover" form="TestPage">
				<requestHandler type="std:SimpleRequest" method="get">
					<target>/textReturner</target>
					<parameter />
				</requestHandler>
				<responseHandler type="std:InnerHTML">
					<parameter>ajaxTagsResults,ajaxTagsResults2</parameter>
				</responseHandler>
			</event>
		</element>
		<element ajaxRef="Link2">
			<event type="onclick" form="TestPage">
				<requestHandler type="std:SimpleRequest" method="get">
					<target>/codeExecuterTestServlet</target>
					<parameter />
				</requestHandler>
				<responseHandler type="std:CodeExecuter">
					<parameter />
				</responseHandler>
			</event>
		</element>
		<element ajaxRef="Button2">
			<event type="onclick" form="TestPage">
				<requestHandler type="std:SendByID" method="post">
					<target>/sendByIDTest</target>
					<parameter>xml.person,firstName.innerHTML,lastName.value</parameter>
				</requestHandler>
				<responseHandler type="std:CodeExecuter">
					<parameter />
				</responseHandler>
			</event>
		</element>
		<element ajaxRef="Timer1">
			<event type="timer" form="TestPage">
				<requestHandler type="std:SimpleRequest" method="get">
					<target>/textReturner</target>
					<parameter />
				</requestHandler>
				<responseHandler type="std:InnerHTML">
					<parameter>ajaxTagsResultsTimer</parameter>
				</responseHandler>
			</event>
		</element>
		<element ajaxRef="AbsLink">
			<event type="onclick" form="TestPage">
				<requestHandler type="std:SimpleRequest" method="get">
					<target>/textReturner</target>
					<parameter />
				</requestHandler>
				<responseHandler type="std:InnerHTML">
					<parameter>divAbsLink</parameter>
				</responseHandler>
			</event>
		</element>    
	</form>
</ajaxConfig>
