<?xml version="1.0" encoding="ISO-8859-1"?>
<TCS-TREE>
	<ICONS>
		<ICON Name="Root">jar:grafik/tree.gif</ICON>
		<ICON Name="OBook">jar:grafik/obook.gif</ICON>
		<ICON Name="CBook">jar:grafik/cbook.gif</ICON>
		<ICON Name="Earth">jar:grafik/earth.gif</ICON>
		<ICON Name="Env">jar:grafik/envelope.gif</ICON>
		<ICON Name="Page">jar:grafik/page.gif</ICON>
	</ICONS>
	<STYLES>
		<STYLE Name="Root">
			<BGColor>250,200,40</BGColor>
			<Color>0,102,102</Color>
			<Font>Verdana</Font>
			<Size>14</Size>
			<Type>bold</Type>
			<Icon1>Root</Icon1>
			<Icon2>Root</Icon2>
		</STYLE>
		<STYLE Name="Node">
			<BGColor>250,200,40</BGColor>
			<Color>0,102,102</Color>
			<Font>Verdana</Font>
			<Size>12</Size>
			<Type>bold</Type>
			<Icon1>CBook</Icon1>
			<Icon2>OBook</Icon2>
		</STYLE>
		<STYLE Name="Item">
			<BGColor>250,200,40</BGColor>
			<Color>0,102,102</Color>
			<Font>Verdana</Font>
			<Size>12</Size>
			<Type>normal</Type>
			<Icon1>Page</Icon1>
			<Icon2>Page</Icon2>
		</STYLE>
		<STYLE Name="Email">
			<BGColor>250,200,40</BGColor>
			<Color>0,102,102</Color>
			<Font>Verdana</Font>
			<Size>12</Size>
			<Type>normal</Type>
			<Icon1>Env</Icon1>
			<Icon2>Env</Icon2>
		</STYLE>
		<STYLE Name="Web">
			<BGColor>250,200,40</BGColor>
			<Color>0,102,102</Color>
			<Font>Verdana</Font>
			<Size>12</Size>
			<Type>normal</Type>
			<Icon1>Earth</Icon1>
			<Icon2>Earth</Icon2>
		</STYLE>
		<STYLE Name="Demo1">
			<BGColor>250,200,40</BGColor>
			<Color>255,0,0</Color>
			<Font>Monospaced</Font>
			<Size>10</Size>
			<Type>bold</Type>
			<Icon1>Page</Icon1>
			<Icon2>Page</Icon2>
		</STYLE>
		<STYLE Name="Demo2">
			<BGColor>250,200,40</BGColor>
			<Color>0,0,255</Color>
			<Font>Arial</Font>
			<Size>14</Size>
			<Type>italic</Type>
			<Icon1>OBook</Icon1>
			<Icon2>OBook</Icon2>
		</STYLE>
		<STYLE Name="Demo3">
			<BGColor>250,200,40</BGColor>
			<Color>255,255,255</Color>
			<Font>Serif</Font>
			<Size>26</Size>
			<Type>bold italic</Type>
			<Icon1>Root</Icon1>
			<Icon2>Root</Icon2>
		</STYLE>
	</STYLES>
	<TREE>
		<ELEMENT Name="MENU" Style="Root">
			<Text>TCS - Demo</Text>
		</ELEMENT>
		<ELEMENT Name="MENU/OV" Style="Item">
			<Text>Overview</Text>
			<Link1Klick id="0">main.html MainFrame</Link1Klick>
			<Link2Klick id="0">main.html MainFrame</Link2Klick>
		</ELEMENT>
		<ELEMENT Name="MENU/FUNK" Style="Node">
			<Text>Funktions</Text>
			<Link1Klick id="0">funk.htm MainFrame</Link1Klick>
		</ELEMENT>
		<ELEMENT Name="MENU/FUNK/CLIENT" Style="Item">
			<Text>Client</Text>
			<Link2Klick id="0">funkclient.htm MainFrame</Link2Klick>
		</ELEMENT>
		<ELEMENT Name="MENU/FUNK/SERVER" Style="Item">
			<Text>Server</Text>
			<Link2Klick id="0">funkserver.htm MainFrame</Link2Klick>
		</ELEMENT>
		<ELEMENT Name="MENU/INFO" Style="Node">
			<Text>Information</Text>
			<Link1Klick id="0">info.htm MainFrame</Link1Klick>
		</ELEMENT>
		<ELEMENT Name="MENU/INFO/ADDON" Style="Item">
			<Text>Add-Ons</Text>
			<Link2Klick id="0">infozusatz.htm MainFrame</Link2Klick>
		</ELEMENT>
		<ELEMENT Name="MENU/INFO/XMLB" Style="Item">
			<Text>XML documentation</Text>
			<Link2Klick id="0">xml.htm MainFrame</Link2Klick>
		</ELEMENT>
		<ELEMENT Name="MENU/INFO/XML" Style="Item">
			<Text>View XML</Text>
			<Link2Klick id="0">xml/conf.xml _new</Link2Klick>
		</ELEMENT>
		<ELEMENT Name="MENU/INFO/JAVA" Style="Item">
			<Text>View javadocs</Text>
			<Link2Klick id="0">javadoc/index.html _new</Link2Klick>
		</ELEMENT>
		<ELEMENT Name="MENU/DOWN" Style="Node">
			<Text>Download</Text>
		</ELEMENT>
		<ELEMENT Name="MENU/DOWN/SW" Style="Item">
			<Text>Shareware</Text>
			<Link2Klick id="0">download.htm MainFrame</Link2Klick>
		</ELEMENT>
		<ELEMENT Name="MENU/DOWN/SC" Style="Item">
			<Text>Sourcecode</Text>
			<Link2Klick id="0">downsource.htm MainFrame</Link2Klick>
		</ELEMENT>
		<ELEMENT Name="MENU/DOWN/VOR" Style="Item">
			<Text>Prerequisites</Text>
			<Link2Klick id="0">vorraus.htm MainFrame</Link2Klick>
		</ELEMENT>
		<ELEMENT Name="MENU/CONTACT" Style="Node">
			<Text>Contact</Text>
		</ELEMENT>
		<ELEMENT Name="MENU/CONTACT/MAIL" Style="Email">
			<Text>eMail</Text>
			<Link2Klick id="0">mailto:rehmann@rehtech.de _blank</Link2Klick>
		</ELEMENT>
		<ELEMENT Name="MENU/CONTACT/WEB" Style="Web">
			<Text>Homepage</Text>
			<Link2Klick id="0">http://www.rehtech.de _new</Link2Klick>
		</ELEMENT>
		<ELEMENT Name="MENU/DEMO" Style="Node">
			<Text>Demo</Text>
		</ELEMENT>
		<ELEMENT Name="MENU/DEMO/1" Style="Demo1">
			<Text>Demo-1</Text>
		</ELEMENT>
		<ELEMENT Name="MENU/DEMO/2" Style="Demo2">
			<Text>Demo-2</Text>
		</ELEMENT>
		<ELEMENT Name="MENU/DEMO/SUB" Style="Node">
			<Text>Subnode</Text>
		</ELEMENT>
		<ELEMENT Name="MENU/DEMO/SUB/1" Style="Demo3">
			<Text>Demo-3</Text>
		</ELEMENT>
	</TREE>
</TCS-TREE>
