<?xml version="1.0"?>
<easycmscommands>
	<command>
		<syntax>[headline:text]</syntax>
		<info>Include a new headline, the headline will be formatted according 
to the settings in your CSS Stylesheet (inserts a div, classname is headline).</info>
	</command>
	<command>
		<syntax>[subheadline:text]</syntax>
		<info>Include a new sub-headline, which will be formatted according to your stylesheet (inserts a div, classname is subheadline)</info>
	</command>
	<command>
		<syntax>[bold:text]</syntax>
		<info>Include the text &#34;text&#34; in bold</info>
	</command>
	<command>
		<syntax>[textlink:url|text]</syntax>
		<info>Include an external textlink pointing to url and showing the text. 
You do not need to enter the "http://" part of the url. All links open in a new window.</info>
	</command>
	<command>
		<syntax>[sitelink:Page Name]</syntax>
		<info>Include a link to the internal page Page Name. The name has to be the same name as defined in the Navigation. If the linked page is a sub item to one of the main items, then add the name of the main item folllowed by an underscore in front of the Page Name (f.e. contact_Send eMail)</info>
	</command>
	<command>
		<syntax>[email:email]</syntax>
		<info>Include a link with the mail attribute to email. This commands turns a valid email like me@domain.com into a clickable email link.</info>
	</command>
	<command>
		<syntax>[startlink:url]Content[endlink]</syntax>
		<info>Include a link around Content pointing to url. This is meant for each other links where sitelink, textlink or email don't apply.</info>
	</command>
	<command>
		<syntax>[startpagelink:targetname]Content[endpagelink]</syntax>
		<info>Include a link around Content pointing to the target in the page. This is meant for links that allow jumps in the current page, like "back to top"</info>
	</command>
	<command>
		<syntax>[pagetarget:targetname]</syntax>
		<info>Set a target for a pagelink in the code</info>
	</command>
	<command>
		<syntax>[start:list]
			[item:item1]
			[item:item2]
			[end:list]</syntax>
		<info>Insert a bullet point list with the points item1 and item2. Make sure to use the start and end command to produce valid HTML.</info>
	</command>
	<command>
		<syntax>[image: imagepath|alt|left,right]</syntax>
		<info>Insert the image found at imagepath (f.e. "/images/logo.jpg"), with the alternative text alt and place the image left or right of the text.</info>
	</command>
	<command>
		<syntax>[startparagraph: left,right,center]
			text
			[endparagraph]</syntax>
		<info>Align the paragraph text left, right or center. Make sure to use the endparagraph command also and do not nest this command.</info>
	</command>
	<command>
		<syntax>[break]</syntax>
		<info>Insert a break that forces the next aligned image to appear below, rather than indented.</info>
	</command>
	<command>
		<syntax>[start:code]content[end:code]</syntax>
		<info>Display the content as HTML code rather than rendering it. Replaces all special characters with the HTML equivalents, displays in courier and keeps the tab-order.</info>
	</command>
	<command>
		<syntax>[start:html]content[end:html]</syntax>
		<info>Allow HTML to be used without turning the linebreaks into &#60;br /&#62;.</info>
	</command>
	<command>
		<syntax>[pagetitle:title]</syntax>
		<info>This will become the title of the HTML page (overrides the title of the template).</info>
	</command>
	<command>
		<syntax>[pagekeywords:title]</syntax>
		<info>This will become the meta-keywords of the page, added as a metatag.</info>
	</command>
	<command>
		<syntax>[pagedescription:title]</syntax>
		<info>This will become the meta-description of the page, added as a metatag.</info>
	</command>
</easycmscommands>









