<?xml version="1.0"?>
<navigation>
	<home>Home</home>
	<meta>Contact</meta>
	<mainitem>
		<name>About EasyCMS</name>
		<subitem>Features</subitem>
		<subitem>Screenshots</subitem>
		<subitem>Sites using EasyCMS</subitem>
	</mainitem>
	<mainitem>
		<name>Installation</name>
		<subitem>Requirements</subitem>
		<subitem>Folders</subitem>
		<subitem>Files</subitem>
	</mainitem>
	<mainitem>
		<name>Usage</name>
		<subitem>Setting up the Sitemap</subitem>
		<subitem>Changing the template</subitem>
		<subitem>Editing the content</subitem>
	</mainitem>
	<mainitem>
		<name>Download</name>
	</mainitem>
	<mainitem>
		<name>Terms and Pricing</name>
	</mainitem>
	<mainitem>
		<name>FAQ</name>
	</mainitem>
</navigation>
