<?xml version="1.0" ?>
<!--

THIS IS CLEARINGHOUSE EXAMPLE

-->

<clearinghouse>
<dataset name="USA_STATES" server="2" id="1">
<connection>
url=jdbc:interbase://localhost/c:/sm/base/sm_data.gdb
user=creator
password=1
</connection>
<metadata>
<meta content="3" id="36"/>
<meta content="USA_STATES" id="43"/>
<meta content="ID" id="49"/>
<meta content="MBR_XMIN" id="70"/>
<meta content="MBR_XMAX" id="71"/>
<meta content="MBR_YMIN" id="72"/>
<meta content="MBR_YMAX" id="73"/>
<meta content="GEOBLOB" id="74"/>
<meta content="STATE_ABBR,STATE_NAME,MEDIAN_VAL,POP90_SQMI,WHITE,BLACK,HISPANIC,OTHER,STATE_FIPS" id="80"/>
<meta content="STATE_NAME" id="51"/>
<meta content="STATE_NAME,STATE_FIPS, POP1990, POP1999,AREA" id="69"/>
<meta content="United States" id="8"/>
<meta content="" id="9"/>
<meta content="" id="11"/>
<meta content="" id="24"/>
<meta content="http://quickfacts.census.gov/gfd/states/[STATE_FIPS]000.html" id="63"/>
<meta content="1" id="200"/>
</metadata>
</dataset>
<dataset name="USA_CITIES" server="2" id="2">
<connection>
url=jdbc:interbase://localhost/c:/sm/base/sm_data.gdb
user=creator
password=1
</connection>
<metadata>
<meta content="1" id="36"/>
<meta content="USA_CITIES" id="43"/>
<meta content="ID" id="49"/>
<meta content="X_MAPOBJ" id="75"/>
<meta content="Y_MAPOBJ" id="76"/>
<meta content="CITY_NAME,CAPITAL" id="80"/>
<meta content="1" id="200"/>
<meta content="CITY_NAME" id="51"/>
<meta content="CITY_NAME, POP1990, CAPITAL" id="80"/>
</metadata>
</dataset>
<dataset name="USA_LAKES" server="2" id="3">
<connection>
url=jdbc:interbase://localhost/c:/sm/base/sm_data.gdb
user=creator
password=1
</connection>
<metadata>
<meta content="3" id="36"/>
<meta content="USA_LAKES" id="43"/>
<meta content="ID" id="49"/>
<meta content="MBR_XMIN" id="70"/>
<meta content="MBR_XMAX" id="71"/>
<meta content="MBR_YMIN" id="72"/>
<meta content="MBR_YMAX" id="73"/>
<meta content="GEOBLOB" id="74"/>
<meta content="NAME" id="51"/>
<meta content="1" id="200"/>
<meta content="NAME" id="80"/>
</metadata>
</dataset>
<dataset name="USA_COUNTIES" server="2" id="4">
<connection>
url=jdbc:interbase://localhost/c:/sm/base/sm_data.gdb
user=creator
password=1
</connection>
<metadata>
<meta content="3" id="36"/>
<meta content="USA_COUNTIES" id="43"/>
<meta content="ID" id="49"/>
<meta content="MBR_XMIN" id="70"/>
<meta content="MBR_XMAX" id="71"/>
<meta content="MBR_YMIN" id="72"/>
<meta content="MBR_YMAX" id="73"/>
<meta content="GEOBLOB" id="74"/>
<meta content="FIPS,NAME,POP1990,AREA,POP90_SQMI," id="80"/>
<meta content="ID,FIPS,NAME,STATE_NAME,POP1990,AREA" id="69"/>
<meta content="http://quickfacts.census.gov/qfd/states/[FIPS].html" id="63"/>
<meta content="NAME" id="51"/>
<meta content="1" id="200"/>
</metadata>
</dataset>
<dataset name="USA_RIVERS" server="2" id="5">
<connection>
url=jdbc:interbase://localhost/c:/sm/base/sm_data.gdb
user=creator
password=1
</connection>
<metadata>
<meta content="2" id="36"/>
<meta content="USA_RIVERS" id="43"/>
<meta content="ID" id="49"/>
<meta content="MBR_XMIN" id="70"/>
<meta content="MBR_XMAX" id="71"/>
<meta content="MBR_YMIN" id="72"/>
<meta content="MBR_YMAX" id="73"/>
<meta content="GEOBLOB" id="74"/>
<meta content="NAME" id="51"/>
<meta content="1" id="200"/>
<meta content="NAME" id="80"/>
</metadata>
</dataset>
<dataset name="USA_ROADS" server="2" id="6">
<connection>
url=jdbc:interbase://localhost/c:/sm/base/sm_data.gdb
user=creator
password=1
</connection>
<metadata>
<meta content="RTE_NUM1,ROUTE,TOLL_RD,LENGTH_" id="80"/>
<meta content="2" id="36"/>
<meta content="USA_ROADS" id="43"/>
<meta content="ID" id="49"/>
<meta content="MBR_XMIN" id="70"/>
<meta content="MBR_XMAX" id="71"/>
<meta content="MBR_YMIN" id="72"/>
<meta content="MBR_YMAX" id="73"/>
<meta content="GEOBLOB" id="74"/>
<meta content="RTE_NUM1,ROUTE" id="80"/>
<meta content="1" id="200"/>
<meta content="ROUTE" id="51"/>
</metadata>
</dataset>
<dataset name="USA_ZIP" server="2" id="7">
<connection>
url=jdbc:interbase://localhost/c:/sm/base/sm_data.gdb
user=creator
password=1
</connection>
<metadata>
<meta content="1" id="36"/>
<meta content="USA_ZIP" id="43"/>
<meta content="ID" id="49"/>
<meta content="X_MAPOBJ" id="75"/>
<meta content="Y_MAPOBJ" id="76"/>
<meta content="PO_NAME" id="51"/>
<meta content="1" id="200"/>
<meta content="PO_NAME,ZIP" id="80"/>
<meta content="PO_NAME" id="80"/>
</metadata>
</dataset>
<dataset name="WORLD_DEM" server="2" id="10">
<connection>
url=jdbc:interbase://localhost/c:/sm/base/sm_data.gdb
user=creator
password=1
</connection>
<metadata>
<meta content="3" id="36"/>
<meta content="http://www.odci.gov/cia/publications/factbook/geos/[FIPS].html" id="63"/>
<meta content="WORLD_DEM" id="43"/>
<meta content="MBR_XMIN" id="70"/>
<meta content="MBR_XMAX" id="71"/>
<meta content="MBR_YMIN" id="72"/>
<meta content="MBR_YMAX" id="73"/>
<meta content="GEOBLOB" id="74"/>
<meta content="ID" id="49"/>
<meta content="FIPS,NAME,POP2001,AREA,DENSITY,GNI,GNI_PERCAP,HDI_98,COLOR" id="80"/>
<meta content="NAME" id="51"/>
<meta content="1" id="200"/>
</metadata>
</dataset>
<dataset name="NY_KGL" server="2" id="13">
<connection>
url=jdbc:interbase://localhost/c:/sm/base/sm_data.gdb
user=creator
password=1
driver=interbase.interclient.Driver
</connection>
<metadata>
<meta content="3" id="36"/>
<meta content="" id="63"/>
<meta content="NY_KGL" id="43"/>
<meta content="MBR_XMIN" id="70"/>
<meta content="MBR_XMAX" id="71"/>
<meta content="MBR_YMIN" id="72"/>
<meta content="MBR_YMAX" id="73"/>
<meta content="GEOBLOB" id="74"/>
<meta content="ID" id="49"/>
<meta content="LANDNAME, CF" id="80"/>
<meta content="LANDNAME" id="51"/>
<meta content="1" id="200"/>
</metadata>
</dataset>
<dataset name="NY_STRT_A" server="2" id="14">
<connection>
url=jdbc:interbase://localhost/c:/sm/base/sm_data.gdb
user=creator
password=1
driver=interbase.interclient.Driver
</connection>
<metadata>
<meta content="2" id="36"/>
<meta content="" id="63"/>
<meta content="NY_STRT_A" id="43"/>
<meta content="MBR_XMIN" id="70"/>
<meta content="MBR_XMAX" id="71"/>
<meta content="MBR_YMIN" id="72"/>
<meta content="MBR_YMAX" id="73"/>
<meta content="GEOBLOB" id="74"/>
<meta content="ID" id="49"/>
<meta content="FENAME, FETYPE" id="80"/>
<meta content="FENAME" id="51"/>
<meta content="1" id="200"/>
</metadata>
</dataset>
<dataset name="NY_REGION" server="2" id="15">
<connection>
url=jdbc:interbase://localhost/c:/sm/base/sm_data.gdb
user=creator
password=1
driver=interbase.interclient.Driver
</connection>
<metadata>
<meta content="LANDNAME" id="51"/>
<meta content="3" id="36"/>
<meta content="" id="63"/>
<meta content="NY_REGION" id="43"/>
<meta content="MBR_XMIN" id="70"/>
<meta content="MBR_XMAX" id="71"/>
<meta content="MBR_YMIN" id="72"/>
<meta content="MBR_YMAX" id="73"/>
<meta content="GEOBLOB" id="74"/>
<meta content="ID" id="49"/>
<meta content="LANDNAME,CF" id="80"/>
<meta content="1" id="200"/>
</metadata>
</dataset>
<dataset name="NY_STRT_S" server="2" id="16">
<connection>
url=jdbc:interbase://localhost/c:/sm/base/sm_data.gdb
user=creator
password=1
driver=interbase.interclient.Driver
</connection>
<metadata>
<meta content="2" id="36"/>
<meta content="NY_STRT_S" id="43"/>
<meta content="MBR_XMIN" id="70"/>
<meta content="MBR_XMAX" id="71"/>
<meta content="MBR_YMIN" id="72"/>
<meta content="MBR_YMAX" id="73"/>
<meta content="GEOBLOB" id="74"/>
<meta content="ID" id="49"/>
<meta content="1" id="200"/>
</metadata>
</dataset>
<dataset name="NY_STRT_M" server="2" id="17">
<connection>
url=jdbc:interbase://localhost/c:/sm/base/sm_data.gdb
user=creator
password=1
driver=interbase.interclient.Driver
</connection>
<metadata>
<meta content="FENAME" id="51"/>
<meta content="2" id="36"/>
<meta content="" id="63"/>
<meta content="NY_STRT_M" id="43"/>
<meta content="MBR_XMIN" id="70"/>
<meta content="MBR_XMAX" id="71"/>
<meta content="MBR_YMIN" id="72"/>
<meta content="MBR_YMAX" id="73"/>
<meta content="GEOBLOB" id="74"/>
<meta content="ID" id="49"/>
<meta content="FENAME,FETYPE" id="80"/>
<meta content="1" id="200"/>
</metadata>
</dataset>
<dataset name="NY_RR" server="2" id="18">
<connection>
url=jdbc:interbase://localhost/c:/sm/base/sm_data.gdb
user=creator
password=1
driver=interbase.interclient.Driver
</connection>
<metadata>
<meta content="FENAME" id="51"/>
<meta content="2" id="36"/>
<meta content="NY_RR" id="43"/>
<meta content="MBR_XMIN" id="70"/>
<meta content="MBR_XMAX" id="71"/>
<meta content="MBR_YMIN" id="72"/>
<meta content="MBR_YMAX" id="73"/>
<meta content="GEOBLOB" id="74"/>
<meta content="ID" id="49"/>
<meta content="FENAME" id="80"/>
<meta content="1" id="200"/>
</metadata>
</dataset>
<dataset name="NY_POINT" server="2" id="19">
<connection>
url=jdbc:interbase://localhost/c:/sm/base/sm_data.gdb
user=creator
password=1
driver=interbase.interclient.Driver
</connection>
<metadata>
<meta content="NAME" id="51"/>
<meta content="1" id="36"/>
<meta content="" id="63"/>
<meta content="NY_POINT" id="43"/>
<meta content="X_MAPOBJ" id="75"/>
<meta content="Y_MAPOBJ" id="76"/>
<meta content="ID" id="49"/>
<meta content="NAME,CF" id="80"/>
<meta content="1" id="200"/>
</metadata>
</dataset>
<dataset name="NY_BOUNDARY" server="2" id="20">
<connection>
url=jdbc:interbase://localhost/c:/sm/base/sm_data.gdb
user=creator
password=1
driver=interbase.interclient.Driver
</connection>
<metadata>
<meta content="" id="51"/>
<meta content="3" id="36"/>
<meta content="" id="63"/>
<meta content="NY_BOUNDARY" id="43"/>
<meta content="MBR_XMIN" id="70"/>
<meta content="MBR_XMAX" id="71"/>
<meta content="MBR_YMIN" id="72"/>
<meta content="MBR_YMAX" id="73"/>
<meta content="GEOBLOB" id="74"/>
<meta content="ID" id="49"/>
<meta content="" id="80"/>
<meta content="1" id="200"/>
</metadata>
</dataset>
<dataset name="NY_DT1" server="9" id="21">
<connection>
type=image
url=http://localhost:8080/map/ny1.jpg</connection>
<metadata>
<meta content="NY_DT1" id="51"/>
<meta content="2" id="200"/>
<meta content="582801.066222" id="142"/>
<meta content="4507000.67892059" id="143"/>
<meta content="1.97554842894974" id="144"/>
<meta content="2.19751184717145" id="145"/>
</metadata>
</dataset>
<dataset name="NY_DT2" server="9" id="22">
<connection>
type=image
url=http://localhost:8080/map/ny2.jpg</connection>
<metadata>
<meta content="NY_DT2" id="51"/>
<meta content="2" id="200"/>
<meta content="582932.901968558" id="142"/>
<meta content="4507832.74887114" id="143"/>
<meta content="1.94368768878599" id="144"/>
<meta content="1.84321994234506" id="145"/>
</metadata>
</dataset>
<dataset name="WORLD_CITIES" server="2" id="30">
<connection>
url=jdbc:interbase://localhost/c:/sm/base/sm_data.gdb
user=creator
password=1
</connection>
<metadata>
<meta content="1" id="200"/>
<meta content="1" id="36"/>
<meta content="X_MAPOBJ" id="75"/>
<meta content="Y_MAPOBJ" id="76"/>
<meta content="ID" id="49"/>
<meta content="NAME" id="51"/>
<meta content="WORLD_CITIES" id="43"/>
<meta content="NAME, POPULATION, CAPITAL" id="80"/>
</metadata>
</dataset>
<dataset name="WORLD_RIVERS" server="2" id="31">
<connection>
url=jdbc:interbase://localhost/c:/sm/base/sm_data.gdb
user=creator
password=1
</connection>
<metadata>
<meta content="1" id="200"/>
<meta content="2" id="36"/>
<meta content="MBR_XMAX" id="71"/>
<meta content="MBR_YMIN" id="72"/>
<meta content="MBR_YMAX" id="73"/>
<meta content="MBR_XMIN" id="70"/>
<meta content="GEOBLOB" id="74"/>
<meta content="ID" id="49"/>
<meta content="NAME" id="51"/>
<meta content="WORLD_RIVERS" id="43"/>
</metadata>
</dataset>
</clearinghouse>
