<?xml version="1.0"?> 

<mapserv>


  <connections timeout="60" deadtimeout="0"/>


  <logger>
    <destination type="console" levels="information,warningExternal,warningInternal,dbFailure,serverFailure"/>

<!--
    <destination type="file" file="/var/log/projects/mapserv-main"
      levels="information,warningExternal,warningInternal,dbFailure,serverFailure"/>
-->

  </logger>

  <clearinghouse type="xml">
    <xml url="file://usr/local/tomcat/webapps/map/WEB-INF/mapserv-home/chouse.xml" />

    <database url="jdbc:mysql://localhost/map?autoReconnect=true"
              user="xxx" password="xxx"
              driver="org.gjt.mm.mysql.Driver"/>

  </clearinghouse>
  

</mapserv>