<?xml version="1.0"?>

<?xml-stylesheet type="text/xsl" href="pcs_to_html.xsl"?>
<process>
 <purpose>
 <text>
bla bla bla
 </text>
 </purpose>
 <method>
  <step >
  <explanation>
 <text>
ddfdf
 </text>
  </explanation>
  </step>
  <step >
  <explanation>
 <text>
sdfsd
 </text>
  </explanation>
  </step>
  <step >
  <explanation>
 <text>
sdfsdf
 </text>
  </explanation>
  </step>
  <step >
  <explanation>
 <text>
sdfsdf
 </text>
  </explanation>
  </step>
  <step >
  <explanation>
 <text>
sdfsdf
 </text>
  </explanation>
  </step>
 </method>
 <quicklinks>
  <link name="hotmail" href="http://www.hotmail.com" />
  <link name="yahoo" href="http://www.yahoo.com" />
  <link name="google" href="http://www.google.com" />
 </quicklinks>

</process>

