<?xml version="1.0"?>

<?xml-stylesheet type="text/xsl" href="pcs_to_html.xsl"?>
<process>
 <purpose>
 <text>
Showing how to create a ghost image from a disk or partition 


 </text>
 </purpose>
 <method>
  <step >
  <explanation>
 <text>
Boot off the disk entitled, "Net Boot Disk for ghosting over TCP/IP". 
 </text>
  </explanation>
  </step>
  <step >
  <explanation>
 <text>
Usually, making an image of a partition is preferrable. In fact, the author of this document never made an image of a disk using Norton Ghost. 
In the menu, click Local -&gt; Partition -&gt; To Image 
 </text>
  </explanation>
  </step>
  <step >
  <explanation>
 <text>
Select the source partition. This is usually the active or primary partition. 

 </text>
  </explanation>
  </step>
  <step >
  <explanation>
 <text>
Choose whichever compression type you wish. This just affects the size of the image file on the Linux machine 

 </text>
  </explanation>
  </step>
  <step >
  <explanation>
 <text>
When the image starts uploading, a guage appears. Uploading can take 10 minutes. 
If it asks for a spanning file, select one and index it. A spanning file is needed when the main image file gets over 2GB(DOS limit) or beyond storage capacity. 
 </text>
  </explanation>
  </step>
  <step >
  <explanation>
 <text>
Now that ghosting is complete, your image is on the server ready to be dropped down on other machines. 

 </text>
  </explanation>
  </step>
 </method>
 <quicklinks>
 </quicklinks>

</process>

