<?xml version="1.0"?>


<?xml-stylesheet type="text/xsl" href="glossary_to_html.xsl"?>

<glossary>
 <definitions>
  <definition term="BIOS">
 <text>
Stands for Basic Input Output System  More information available at www.bioscentral.com
 </text>
  </definition>
  <definition term="Cloning">
 <text>
The process of copying data exactly from 1 disk or partition to another.
 </text>
  </definition>
  <definition term="Disk">
 <text>
Usually short for Hard Disk  A nonvolatile storage device that stores data on a magnetic surface on hard disk platters
 </text>
  </definition>
  <definition term="Ghosting">
 <text>
Synonymous with "cloning"  Originated as a genericized trademark for "cloning" after the extensive use of Norton Ghost
 </text>
  </definition>
  <definition term="God">
 <text>
The all mighty himself or herself.
 </text>
  </definition>
  <definition term="Imaging">
 <text>
Creating an image file for a disk or partition  Imaging can be done after booting with a ghost floppy disk
 </text>
  </definition>
  <definition term="Linux">
 <text>
A Unix-like open source operating system with many versions available including RedHat, Mandrake, Mandriva, Suse and more  More information at http://www.linux.org/
 </text>
  </definition>
  <definition term="Norton Ghost">
 <text>
A popular software suite for cloning disks, partitions
 </text>
  </definition>
  <definition term="Partition">
 <text>
(v) To divide memory or mass storage into isolated sections.  In DOS systems, you can partition a disk, and each partition will behave like a separate disk drive.  Partitions can be manipulated/created using Partition Magic, created with Fdisk.
 </text>
  </definition>
  <definition term="Registry">
 <text>
A database storing options and settings for 32-bit versions of Microsoft Windows including Windows 95, 98, ME, NT/2000, XP
 </text>
  </definition>
  <definition term="SMB">
 <text>
Standing for Server Message Block
 </text>
  </definition>
  <definition term="Span">
 <text>
An extension of a Norton Ghost image  If an image file would otherwise be too large to handle in DOS(2GB+), the first section is handled as a *.gho file while the remaining are in separate *.ghs files. Spanning is useful when an image is also too large for its storage medium, for example CD's.
 </text>
  </definition>
  <definition term="Sysprep">
 <text>
A Windows deployment tool
 </text>
  </definition>
  <definition term="Target Machine">
 <text>
A computer that is receiving an image
 </text>
  </definition>
  <definition term="USB Drive">
 <text>
A drive that communicates with the rest of the computer through USB cables
 </text>
  </definition>
 </definitions>
 <quicklinks>
  <link name="hotmail" href="http://www.hotmail.com" />
 </quicklinks>

</glossary>
