<?xml version="1.0"?>

<?xml-stylesheet type="text/xsl" href="pcs_to_html.xsl"?>
<process>
 <purpose>
 <text>
Explaining how to do the co-op presentation
 </text>
 </purpose>
 <method>
  <step >
  <explanation>
 <text>
Set up computer for presentation.
 </text>
  </explanation>
  </step>
  <step >
  <explanation>
 <text>
Connect computer to projector.
 </text>
  </explanation>
  </step>
  <step >
  <explanation>
 <text>
Introduce yourself and the organization you worked for.
 </text>
  </explanation>
  </step>
  <step >
  <explanation>
 <text>
Summarize what you did in the organization.
 </text>
  </explanation>
  </step>
  <step >
  <explanation>
 <text>
Introduce the main topic for presentation.
 </text>
  </explanation>
  </step>
  <step >
  <explanation>
 <text>
Talk about the big project and how it helped the organization.
 </text>
  </explanation>
  </step>
  <step >
  <explanation>
 <text>
Make a concluding statement.
 </text>
  </explanation>
  </step>
  <step >
  <explanation>
 <text>
Make a recommendation.
 </text>
  </explanation>
  </step>
  <step >
  <explanation>
 <text>
Close the presentation.  Ask audience for questions.
 </text>
  </explanation>
  </step>
 </method>
 <quicklinks>
  <link name="Presentation Skills" href="http://lorien.ncl.ac.uk/ming/Dept/Tips/present/present.htm" />
 </quicklinks>

</process>

