<?xml version="1.0"?>

<?xml-stylesheet type="text/xsl" href="pcs_to_html.xsl"?>
<process>
 <purpose>
 <text>



Showing how to do a thorough excersize
 
 
 
 </text>
 </purpose>
 <method>
  <step >
  <explanation>
 <text>
This is the first step.  Jump on your hands.
That is the name of the game
 </text>
  </explanation>
  </step>
  <step >
  <explanation>
 <text>


This is the second step.

 
 
 
 </text>
  </explanation>
  </step>
  <step  problemlink="http://google.com">
  <explanation>
 <text>
This is another step.
 
 
 
 </text>
  </explanation>
  </step>
 </method>
 <quicklinks>
  <link name="google" href="ww.google.com" />
  <link name="bla" href="http://www.yahoo.com" />
 </quicklinks>

</process>

