<?xml version="1.0"?>

<?xml-stylesheet type="text/xsl" href="pcs_to_html.xsl"?>
<process>
 <purpose>
 <text>
To play a DVD Movie on Windows
 </text>
 </purpose>
 <method>
  <step >
  <explanation>
 <text>
Rent DVD from rental place
 </text>
  </explanation>
  </step>
  <step >
  <explanation>
 <text>
Insert DVD in DVD Drive
 </text>
  </explanation>
  </step>
 </method>
 <quicklinks>
  <link name="DVD Downloads" href="http://www.freedvddirect.com/?lts=GGL_US_DVD_dvd%20downloads" />
 </quicklinks>

</process>

