<?xml version="1.0" encoding="ISO-8859-1"?>
<!DOCTYPE alov_project SYSTEM "alov_project.dtd">

<PROJECT name="Sydney CBD" backcolor="192:192:192" zmin="25" >

  <domain name="ww2" 
    full="yes"
     xmin="2" ymin="2" xmax="1085" ymax="1990"/>
  <domain name="ww" 
    startup="yes"
     xmin="69" ymin="211" xmax="1085" ymax="1990"/>

  <map name="Labels ON" index="m0"/>
  <map name="Labels OFF" index="m1"/>

  <layer name="Key Landmarks">
    <dataset><connection>url=Sydney/syd_kgl.zip</connection></dataset>      

<!--
    <symbol fill="255:165:74" outlined="no" size="5"/>
    <renderer type="default"/>
-->

    <renderer type="gradcolor"  equal="yes" field="TYP">
      <symbol val="4" fill="255:74:74"  size="6" outlined="no" label="Attractions"/>
      <symbol val="3" fill="255:0:255"  size="6" outlined="no" label="Hotels"/>
      <symbol val="5" fill="150:165:255"  size="6" outlined="no" label="Government"/>
      <symbol val="0" fill="255:165:74"  size="6" outlined="no" label="."/>
    </renderer>

    <renderer type="gradcolor"  equal="yes" field="LINK">
      <symbol val="Y" filled="no"  size="6" outline="0:0:255" label="has link"/>
    </renderer>

<!--
    <renderer type="gradcolor"  equal="yes" field="TYP" showlegend="no">
      <symbol val="1" fill="128:255:255" size="5" outlined="no"/>
      <symbol val="2" fill="255:255:187" size="5" outlined="no"/>
    </renderer>
-->

    <renderer map="m0" type="label" labelfield="NAME" symbolfield="TYP"
              showlegend="no">
      <symbol val="0" fill="100:50:0" outline="255:255:255" size="10"/>
      <symbol val="1" fill="0:0:255" outline="255:255:255" size="9"/>
      <symbol val="2" fill="60:60:60" outline="255:255:255" size="9"/>
      <symbol val="3" fill="100:50:0" outline="255:255:255" size="10"/>
    </renderer>

  </layer>

  <layer name="Streets">
    <dataset><connection>url=/Sydney/syd_strt.zip</connection></dataset>
    <selsymbol outline="0:255:0" size="2"/>
    <symbol outline="128:128:128" size="2"/>
  </layer>

  <layer name="MonoRail">
    <dataset><connection>url=Sydney/syd_monorail.zip</connection></dataset>
    <symbol outline="255:0:0" size="2"/>
  </layer>

  <layer name="Water" showlegend="no">
    <dataset><connection>url=Sydney/syd_water.zip</connection></dataset>

    <renderer type="gradcolor"  equal="yes" field="ID" showlegend="no">
      <symbol val="2" fill="128:255:255" outlined="no"/>
      <symbol val="0" fill="255:255:187" outlined="no"/>
    </renderer>
  </layer>

  <layer name="Parks">
    <dataset><connection>url=Sydney/syd_poly.zip</connection></dataset>
    <symbol fill="128:255:128" outlined="no"/>
  </layer>

  <layer name="Highways">
    <dataset><connection>url=Sydney/syd_hw.zip</connection></dataset>
    <selsymbol fill="128:64:0" outlined="no"/>
    <symbol fill="128:64:0" outlined="no"/>
  </layer>

  <layer name="Aerial Image" visible="no">
    <dataset><connection>type=image url=Sydney/syd_aerial.jpg
    </connection></dataset>
  </layer>

</PROJECT>