<?xml version="1.0" encoding="utf-8" ?>
<properties>
  <property>
    <name>getMethod</name>
    <description>Gets the method used for request.</description>
  </property>
  <property>
    <name>setMethod</name>
    <description>Sets the method to be used for request. AjaxGear supports both "GET" and POST methods. Using "GET" method allows you to send a request to the server through the querystring.
    </description>
  </property>
  <property>
    <name>getIsAsynchronous</name>
    <description>Gets a value that indicates whether or not the call is asynchronous. The default value is true.</description>
  </property>
  <property>
    <name>setIsAsynchronous</name>
    <description>Sets a value that indicates whether or not the call is asynchronous.</description>
  </property>
  <property>
    <name>getRequestData</name>
    <description>Gets the data passed to the server.</description>
  </property>
  <property>
    <name>setRequestData</name>
    <description>Sets the data that will be passed to the server. You can passed a querystring or data in xml format.</description>
  </property>
  <property>
    <name>getResponseText</name>
    <description>Gets the text data received from the server.</description>
  </property>
  <property>
    <name>getResponseXml</name>
    <description>Gets the xml data received from the server.</description>
  </property>
  <property>
    <name>setPagePath</name>
    <description>Sets the url of the page. The url should not include any querystrings.</description>
  </property>
</properties>