<?xml version="1.0"?>
<!-- xml fajl je ogranicen na po 1 red unosa -->
<news application>
<news>
<date>
Dec 15, 2002 11:49:57 AM
</date>
<nserver>
localhost/127.0.0.19000
</nserver>
<ntitle>
Vest 5 server 9000
</ntitle>
<nbody>
<html>
<head>
</head>
<body>
Telo vesti
</body>
</html>
</nbody>
</news>
<news>
<date>
Dec 15, 2002 11:49:54 AM
</date>
<nserver>
localhost/127.0.0.19000
</nserver>
<ntitle>
Vest 4 server 9000
</ntitle>
<nbody>
<html>
<head>
</head>
<body>
Telo vesti
</body>
</html>
</nbody>
</news>
<news>
<date>
Dec 15, 2002 11:49:51 AM
</date>
<nserver>
localhost/127.0.0.19000
</nserver>
<ntitle>
Vest 3 server 9000
</ntitle>
<nbody>
<html>
<head>
</head>
<body>
Telo vesti
</body>
</html>
</nbody>
</news>
<news>
<date>
Dec 15, 2002 11:49:48 AM
</date>
<nserver>
localhost/127.0.0.19000
</nserver>
<ntitle>
Vest 2 server 9000
</ntitle>
<nbody>
<html>
<head>
</head>
<body>
Telo vesti
</body>
</html>
</nbody>
</news>
<news>
<date>
Dec 15, 2002 11:49:45 AM
</date>
<nserver>
localhost/127.0.0.19000
</nserver>
<ntitle>
Vest 1 server 9000
</ntitle>
<nbody>
<html>
<head>
</head>
<body>
Telo vesti
</body>
</html>
</nbody>
</news>
</news application>
