<?xml version="1.0"?>
<!-- xml fajl je ogranicen na po 1 red unosa -->
<news application>
<news>
<date>
Dec 15, 2002 5:47:42 PM
</date>
<nserver>
localhost/127.0.0.19000
</nserver>
<ntitle>
asdsdsd
</ntitle>
<nbody>
<html>
<head>
</head>
<body>
Telo vesti
</body>
</html>
</nbody>
</news>
<news>
<date>
Dec 15, 2002 5:47:16 PM
</date>
<nserver>
localhost/127.0.0.19000
</nserver>
<ntitle>
dasdasd
</ntitle>
<nbody>
<html>
<head>
</head>
<body>
Telo vesti
</body>
</html>
</nbody>
</news>
<news>
<date>
Dec 15, 2002 5:42:18 PM
</date>
<nserver>
localhost/127.0.0.19000
</nserver>
<ntitle>
sdfsdfsdfd
</ntitle>
<nbody>
<html><head></head><body>Telo vesti</body></html>
</nbody>
</news>
<news>
<date>
Dec 15, 2002 2:41:25 PM
</date>
<nserver>
localhost/127.0.0.19000
</nserver>
<ntitle>
Vestacenje
</ntitle>
<nbody>
<html><head></head><body>Telo vesti</body></html>
</nbody>
</news>
<news>
<date>
Dec 15, 2002 11:49:57 AM
</date>
<nserver>
localhost/127.0.0.19000
</nserver>
<ntitle>
Vest 5 server 9000
</ntitle>
<nbody>
<html><head></head><body>Telo vesti</body></html>
</nbody>
</news>
<news>
<date>
Dec 15, 2002 11:49:54 AM
</date>
<nserver>
localhost/127.0.0.19000
</nserver>
<ntitle>
Vest 4 server 9000
</ntitle>
<nbody>
<html><head></head><body>Telo vesti</body></html>
</nbody>
</news>
<news>
<date>
Dec 15, 2002 11:49:51 AM
</date>
<nserver>
localhost/127.0.0.19000
</nserver>
<ntitle>
Vest 3 server 9000
</ntitle>
<nbody>
<html><head></head><body>Telo vesti</body></html>
</nbody>
</news>
<news>
<date>
Dec 15, 2002 11:49:48 AM
</date>
<nserver>
localhost/127.0.0.19000
</nserver>
<ntitle>
Vest 2 server 9000
</ntitle>
<nbody>
<html><head></head><body>Telo vesti</body></html>
</nbody>
</news>
<news>
<date>
Dec 15, 2002 11:49:45 AM
</date>
<nserver>
localhost/127.0.0.19000
</nserver>
<ntitle>
Vest 1 server 9000
</ntitle>
<nbody>
<html><head></head><body>Telo vesti</body></html>
</nbody>
</news>
<news>
<date>
Dec 15, 2002 2:37:29 PM
</date>
<nserver>
localhost/127.0.0.19000
</nserver>
<ntitle>
vesti iz nesvesti 1
</ntitle>
<nbody>
<html><head></head><body><b>Telo vesti</b></body></html>
</nbody>
</news>
<news>
<date>
Dec 15, 2002 5:27:01 PM
</date>
<nserver>
localhost/127.0.0.19000
</nserver>
<ntitle>
sfsdfdsfsd
</ntitle>
<nbody>
<html><head></head><body>Telo vesti</body></html>
</nbody>
</news>
<news>
<date>
Dec 15, 2002 5:40:45 PM
</date>
<nserver>
localhost/127.0.0.19000
</nserver>
<ntitle>
dsfsdfsdf
</ntitle>
<nbody>
<html><head></head><body>Telo vesti</body></html>
</nbody>
</news>
<news>
<date>
Dec 15, 2002 5:40:48 PM
</date>
<nserver>
localhost/127.0.0.19000
</nserver>
<ntitle>
ewrwerew
</ntitle>
<nbody>
<html><head></head><body>Telo vesti</body></html>
</nbody>
</news>
<news>
<date>
Dec 15, 2002 5:45:49 PM
</date>
<nserver>
localhost/127.0.0.19000
</nserver>
<ntitle>
sdfsdfsd
</ntitle>
<nbody>
<html><head></head><body>Telo vesti</body></html>
</nbody>
</news>
</news application>