<?xml version="1.0"?>
<!-- xml fajl je ogranicen na po 1 red unosa -->
<news application>
<news>
<date>
Dec 15, 2002 2:42:42 PM
</date>
<nserver>
localhost/127.0.0.19001
</nserver>
<ntitle>
Vestacenje22
</ntitle>
<nbody>
<html><head></head><body>Telo vesti</body></html>
</nbody>
</news>
<news>
<date>
Dec 15, 2002 11:55:05 AM
</date>
<nserver>
localhost/127.0.0.19001
</nserver>
<ntitle>
Vest 5 server 9001
</ntitle>
<nbody>
<html><head></head><body>Telo vesti</body></html>
</nbody>
</news>
<news>
<date>
Dec 15, 2002 11:55:17 AM
</date>
<nserver>
localhost/127.0.0.19001
</nserver>
<ntitle>
Vest 4 server 9001
</ntitle>
<nbody>
<html><head></head><body>Telo vestisddssf</body></html>
</nbody>
</news>
<news>
<date>
Dec 15, 2002 11:49:50 AM
</date>
<nserver>
localhost/127.0.0.19001
</nserver>
<ntitle>
3 server 9001
</ntitle>
<nbody>
<html><head></head><body>Telo vestisddssf</body></html>
</nbody>
</news>
<news>
<date>
Dec 15, 2002 11:49:58 AM
</date>
<nserver>
localhost/127.0.0.19001
</nserver>
<ntitle>
2server 9001
</ntitle>
<nbody>
<html><head></head><body>Telo vestisddssf</body></html>
</nbody>
</news>
<news>
<date>
Dec 15, 2002 11:49:26 AM
</date>
<nserver>
localhost/127.0.0.19001
</nserver>
<ntitle>
1server 9001
</ntitle>
<nbody>
<html><head></head><body>Telo vestisddssf</body></html>
</nbody>
</news>
</news application>